time_s,normalized_intensity,log_intensity_db,beam_wander_x_urad,beam_wander_y_urad
0.0000,1.663392,2.210,0.000,0.000
0.0100,1.809296,2.575,0.000,-0.000
0.0200,1.698970,2.302,0.000,-0.000
0.0300,1.319125,1.203,0.000,0.000
0.0400,1.426180,1.542,0.000,-0.000
0.0500,1.179504,0.717,0.000,0.000
0.0600,1.218593,0.859,0.000,0.000
0.0700,1.244273,0.949,-0.000,-0.000
0.0800,1.179537,0.717,-0.000,-0.000
0.0900,0.999029,-0.004,0.000,-0.000
0.1000,1.098532,0.408,-0.000,-0.000
0.1100,1.012775,0.055,-0.000,-0.000
0.1200,1.328098,1.232,-0.000,-0.000
0.1300,1.363719,1.347,-0.000,-0.000
0.1400,1.319626,1.205,-0.000,-0.000
0.1500,1.183528,0.732,0.000,-0.000
0.1600,0.997136,-0.012,0.000,-0.000
0.1700,0.969493,-0.135,-0.000,-0.000
0.1800,1.142326,0.578,0.000,-0.000
0.1900,1.283442,1.084,0.000,-0.000
0.2000,1.332886,1.248,0.000,-0.000
0.2100,1.288574,1.101,0.000,-0.000
0.2200,1.204824,0.809,-0.000,-0.000
0.2300,1.328936,1.235,-0.000,-0.000
0.2400,1.331529,1.244,-0.000,-0.000
0.2500,1.304440,1.154,-0.000,-0.000
0.2600,1.077596,0.325,-0.000,-0.000
0.2700,1.144619,0.587,0.000,-0.000
0.2800,1.131752,0.538,0.000,-0.000
0.2900,1.195168,0.774,0.000,-0.000
0.3000,1.122808,0.503,0.000,-0.000
0.3100,0.919095,-0.366,0.000,-0.000
0.3200,0.793004,-1.007,0.000,-0.000
0.3300,0.803765,-0.949,0.000,-0.000
0.3400,0.883449,-0.538,0.000,-0.000
0.3500,0.824209,-0.840,0.000,-0.000
0.3600,0.932040,-0.306,0.000,-0.000
0.3700,0.780240,-1.078,0.000,-0.000
0.3800,0.789585,-1.026,0.000,-0.000
0.3900,0.776690,-1.098,0.000,-0.000
0.4000,0.691539,-1.602,-0.000,-0.000
0.4100,0.761624,-1.183,-0.000,-0.000
0.4200,0.772594,-1.120,-0.000,-0.000
0.4300,0.826782,-0.826,-0.000,-0.000
0.4400,0.797046,-0.985,-0.000,-0.000
0.4500,1.184297,0.735,-0.000,-0.000
0.4600,1.154919,0.626,-0.000,-0.000
0.4700,0.928423,-0.323,-0.000,-0.000
0.4800,0.987193,-0.056,-0.000,-0.000
0.4900,1.008781,0.038,0.000,-0.000
0.5000,0.877114,-0.569,-0.000,-0.000
0.5100,1.045490,0.193,-0.000,-0.000
0.5200,1.018795,0.081,0.000,-0.000
0.5300,0.975350,-0.108,-0.000,-0.000
0.5400,0.970242,-0.131,-0.000,-0.000
0.5500,1.070810,0.297,0.000,-0.000
0.5600,1.139413,0.567,0.000,-0.000
0.5700,1.120246,0.493,0.000,-0.000
0.5800,1.107995,0.445,0.000,-0.000
0.5900,1.291892,1.112,0.000,-0.000
0.6000,1.236954,0.924,0.000,-0.000
0.6100,1.457071,1.635,0.000,-0.000
0.6200,1.231827,0.905,0.000,-0.000
0.6300,1.124005,0.508,0.000,-0.000
0.6400,1.031152,0.133,0.000,0.000
0.6500,0.977094,-0.101,0.000,0.000
0.6600,0.917161,-0.376,0.000,0.000
0.6700,0.919276,-0.366,0.000,0.000
0.6800,0.764706,-1.165,0.000,0.000
0.6900,0.805433,-0.940,0.000,0.000
0.7000,0.910095,-0.409,0.000,0.000
0.7100,1.106236,0.438,0.000,0.000
0.7200,1.117981,0.484,0.000,0.000
0.7300,0.928630,-0.322,0.000,0.000
0.7400,0.946481,-0.239,0.000,0.000
0.7500,0.912638,-0.397,0.000,0.000
0.7600,0.971244,-0.127,0.000,0.000
0.7700,1.107554,0.444,0.000,-0.000
0.7800,1.005097,0.022,0.000,-0.000
0.7900,0.908427,-0.417,0.000,-0.000
0.8000,1.093367,0.388,0.000,-0.000
0.8100,1.003242,0.014,0.000,-0.000
0.8200,1.080151,0.335,0.000,-0.000
0.8300,0.945464,-0.244,0.000,-0.000
0.8400,0.922632,-0.350,0.000,-0.000
0.8500,1.106121,0.438,0.000,0.000
0.8600,1.250334,0.970,0.000,-0.000
0.8700,1.154672,0.625,0.000,-0.000
0.8800,1.269302,1.036,0.000,-0.000
0.8900,1.353101,1.313,0.000,-0.000
0.9000,1.420745,1.525,0.000,-0.000
0.9100,1.297511,1.131,0.000,-0.000
0.9200,1.141161,0.573,0.000,-0.000
0.9300,1.029500,0.126,0.000,-0.000
0.9400,0.932948,-0.301,0.000,-0.000
0.9500,0.893574,-0.489,0.000,-0.000
0.9600,0.879497,-0.558,0.000,-0.000
0.9700,0.800082,-0.969,0.000,-0.000
0.9800,0.868943,-0.610,0.000,-0.000
0.9900,0.826292,-0.829,0.000,-0.000
1.0000,0.771691,-1.126,0.000,-0.000
1.0100,0.770513,-1.132,0.000,-0.000
1.0200,0.833950,-0.789,0.000,-0.000
1.0300,0.964859,-0.155,0.000,-0.000
1.0400,1.004722,0.020,0.000,-0.000
1.0500,0.971538,-0.125,0.000,-0.000
1.0600,0.887850,-0.517,0.000,-0.000
1.0700,0.841079,-0.752,0.000,-0.000
1.0800,0.891641,-0.498,0.000,-0.000
1.0900,0.957355,-0.189,0.000,-0.000
1.1000,0.957454,-0.189,0.000,-0.000
1.1100,0.893408,-0.490,0.000,-0.000
1.1200,0.953779,-0.206,0.000,-0.000
1.1300,1.038674,0.165,0.000,-0.000
1.1400,1.077189,0.323,0.000,-0.000
1.1500,1.137802,0.561,0.000,-0.000
1.1600,1.241731,0.940,0.000,-0.000
1.1700,1.565258,1.946,0.000,-0.000
1.1800,1.371324,1.371,0.000,-0.000
1.1900,1.388218,1.425,0.000,-0.000
1.2000,1.172125,0.690,0.000,-0.000
1.2100,1.338559,1.266,0.000,-0.000
1.2200,1.416398,1.512,0.000,-0.000
1.2300,1.251430,0.974,0.000,-0.000
1.2400,1.277989,1.065,0.000,-0.000
1.2500,1.325086,1.222,0.000,-0.000
1.2600,1.452036,1.620,0.000,-0.000
1.2700,1.384848,1.414,0.000,-0.000
1.2800,1.235441,0.918,0.000,-0.000
1.2900,1.033315,0.142,0.000,-0.000
1.3000,1.017114,0.074,0.000,-0.000
1.3100,0.994356,-0.025,0.000,-0.000
1.3200,1.105717,0.436,0.000,-0.000
1.3300,1.272217,1.046,0.000,-0.000
1.3400,1.448630,1.610,0.000,-0.000
1.3500,1.393017,1.440,0.000,-0.000
1.3600,1.543698,1.886,0.000,-0.000
1.3700,1.524166,1.830,0.000,-0.000
1.3800,1.638905,2.146,0.000,-0.000
1.3900,1.586686,2.005,0.000,-0.000
1.4000,1.354977,1.319,0.000,-0.000
1.4100,1.474169,1.685,0.000,-0.000
1.4200,1.358912,1.332,0.000,-0.000
1.4300,1.389819,1.430,0.000,-0.000
1.4400,1.341476,1.276,0.000,-0.000
1.4500,1.277206,1.063,0.000,-0.000
1.4600,1.263990,1.017,0.000,-0.000
1.4700,1.231297,0.904,0.000,-0.000
1.4800,1.262507,1.012,0.000,-0.000
1.4900,1.567633,1.952,0.000,-0.000
1.5000,1.542524,1.882,0.000,-0.000
1.5100,1.833801,2.634,0.000,-0.000
1.5200,1.759993,2.455,0.000,0.000
1.5300,1.300229,1.140,0.000,0.000
1.5400,1.382978,1.408,0.000,-0.000
1.5500,1.398705,1.457,0.000,-0.000
1.5600,1.260735,1.006,0.000,-0.000
1.5700,1.448481,1.609,0.000,-0.000
1.5800,1.439054,1.581,0.000,-0.000
1.5900,1.348267,1.298,0.000,-0.000
1.6000,1.319998,1.206,0.000,-0.000
1.6100,1.607865,2.062,0.000,-0.000
1.6200,1.277160,1.062,0.000,-0.000
1.6300,1.476447,1.692,0.000,-0.000
1.6400,1.557397,1.924,0.000,-0.000
1.6500,1.502101,1.767,0.000,-0.000
1.6600,1.391880,1.436,0.000,-0.000
1.6700,1.477042,1.694,0.000,-0.000
1.6800,1.521414,1.822,0.000,-0.000
1.6900,1.441038,1.587,0.000,-0.000
1.7000,1.266626,1.026,0.000,-0.000
1.7100,1.143673,0.583,0.001,-0.000
1.7200,1.136603,0.556,0.001,-0.000
1.7300,1.256560,0.992,0.001,-0.000
1.7400,1.096842,0.401,0.001,-0.000
1.7500,1.264379,1.019,0.001,-0.000
1.7600,1.203513,0.805,0.000,-0.000
1.7700,1.469556,1.672,0.001,-0.000
1.7800,1.446114,1.602,0.001,-0.000
1.7900,1.160528,0.647,0.001,-0.000
1.8000,0.983846,-0.071,0.001,-0.000
1.8100,0.999524,-0.002,0.001,-0.000
1.8200,1.143981,0.584,0.001,-0.000
1.8300,1.222379,0.872,0.001,-0.000
1.8400,1.157786,0.636,0.001,-0.000
1.8500,1.081404,0.340,0.001,-0.000
1.8600,1.296889,1.129,0.001,-0.000
1.8700,1.268520,1.033,0.001,-0.000
1.8800,1.175218,0.701,0.001,-0.000
1.8900,1.128179,0.524,0.000,-0.000
1.9000,1.217142,0.853,0.000,-0.000
1.9100,1.235675,0.919,0.000,-0.000
1.9200,1.147130,0.596,0.000,-0.000
1.9300,1.077371,0.324,0.000,-0.000
1.9400,0.962778,-0.165,0.001,-0.000
1.9500,1.079633,0.333,0.001,-0.000
1.9600,1.136439,0.555,0.001,-0.000
1.9700,1.210617,0.830,0.000,-0.000
1.9800,0.988475,-0.050,0.001,-0.000
1.9900,1.050383,0.213,0.001,-0.000
2.0000,1.143837,0.584,0.001,-0.000
2.0100,1.067067,0.282,0.000,-0.000
2.0200,1.058023,0.245,0.000,-0.000
2.0300,1.054819,0.232,0.000,-0.000
2.0400,1.177193,0.708,0.000,-0.000
2.0500,1.166927,0.670,0.000,-0.000
2.0600,1.185005,0.737,0.000,-0.000
2.0700,1.125412,0.513,0.000,-0.000
2.0800,0.993500,-0.028,0.001,-0.001
2.0900,0.989401,-0.046,0.001,-0.001
2.1000,1.142965,0.580,0.001,-0.001
2.1100,1.180966,0.722,0.001,-0.001
2.1200,1.148149,0.600,0.001,-0.001
2.1300,1.029691,0.127,0.001,-0.000
2.1400,0.931535,-0.308,0.001,-0.001
2.1500,1.029477,0.126,0.001,-0.000
2.1600,1.067471,0.284,0.001,-0.000
2.1700,1.075672,0.317,0.001,-0.000
2.1800,1.172479,0.691,0.001,-0.000
2.1900,1.027541,0.118,0.001,-0.000
2.2000,1.086742,0.361,0.001,-0.000
2.2100,1.126132,0.516,0.001,-0.000
2.2200,1.041695,0.177,0.001,-0.000
2.2300,1.188108,0.749,0.001,-0.000
2.2400,1.222905,0.874,0.001,-0.000
2.2500,1.123822,0.507,0.001,-0.000
2.2600,1.192133,0.763,0.001,-0.000
2.2700,1.184798,0.736,0.001,-0.000
2.2800,1.190442,0.757,0.001,-0.000
2.2900,1.185486,0.739,0.001,-0.000
2.3000,1.006048,0.026,0.001,-0.000
2.3100,0.938169,-0.277,0.001,-0.000
2.3200,0.900114,-0.457,0.001,-0.000
2.3300,1.053863,0.228,0.001,-0.000
2.3400,0.944444,-0.248,0.001,-0.000
2.3500,1.020733,0.089,0.001,-0.000
2.3600,0.964492,-0.157,0.001,-0.000
2.3700,0.921478,-0.355,0.001,-0.000
2.3800,0.771034,-1.129,0.001,-0.000
2.3900,0.789596,-1.026,0.001,-0.000
2.4000,0.952165,-0.213,0.001,-0.000
2.4100,0.910130,-0.409,0.001,-0.000
2.4200,0.964983,-0.155,0.001,-0.000
2.4300,1.052399,0.222,0.001,-0.000
2.4400,0.863267,-0.639,0.001,-0.000
2.4500,0.833475,-0.791,0.001,-0.000
2.4600,0.888045,-0.516,0.001,-0.000
2.4700,0.919566,-0.364,0.001,-0.000
2.4800,0.983692,-0.071,0.001,-0.000
2.4900,1.004713,0.020,0.001,-0.000
2.5000,1.082484,0.344,0.001,-0.000
2.5100,0.848049,-0.716,0.001,-0.000
2.5200,0.890658,-0.503,0.001,-0.000
2.5300,1.032018,0.137,0.001,-0.000
2.5400,1.014472,0.062,0.001,-0.000
2.5500,0.913288,-0.394,0.001,-0.000
2.5600,0.967248,-0.145,0.001,-0.000
2.5700,0.956270,-0.194,0.001,-0.000
2.5800,0.979453,-0.090,0.001,-0.000
2.5900,0.965042,-0.155,0.001,-0.000
2.6000,0.925166,-0.338,0.001,-0.000
2.6100,0.867116,-0.619,0.001,-0.000
2.6200,0.796567,-0.988,0.001,-0.000
2.6300,0.809895,-0.916,0.001,-0.000
2.6400,0.696372,-1.572,0.001,-0.000
2.6500,0.661505,-1.795,0.001,-0.000
2.6600,0.732486,-1.352,0.001,-0.000
2.6700,0.707411,-1.503,0.001,-0.001
2.6800,0.604663,-2.185,0.001,-0.001
2.6900,0.638121,-1.951,0.001,-0.001
2.7000,0.571218,-2.432,0.001,-0.001
2.7100,0.726940,-1.385,0.001,-0.001
2.7200,0.687619,-1.627,0.001,-0.001
2.7300,0.637506,-1.955,0.001,-0.001
2.7400,0.722288,-1.413,0.001,-0.001
2.7500,0.804961,-0.942,0.001,-0.001
2.7600,0.693867,-1.587,0.001,-0.001
2.7700,0.664748,-1.773,0.001,-0.001
2.7800,0.674184,-1.712,0.001,-0.001
2.7900,0.759978,-1.192,0.001,-0.001
2.8000,0.890800,-0.502,0.001,-0.001
2.8100,0.764384,-1.167,0.001,-0.001
2.8200,0.826321,-0.829,0.001,-0.001
2.8300,0.804226,-0.946,0.001,-0.001
2.8400,0.704449,-1.522,0.001,-0.001
2.8500,0.718150,-1.438,0.001,-0.001
2.8600,0.803566,-0.950,0.001,-0.001
2.8700,0.882061,-0.545,0.001,-0.001
2.8800,0.924086,-0.343,0.001,-0.001
2.8900,1.126886,0.519,0.001,-0.001
2.9000,1.093586,0.389,0.001,-0.001
2.9100,1.092093,0.383,0.001,-0.001
2.9200,1.429890,1.553,0.001,-0.001
2.9300,1.348256,1.298,0.001,-0.001
2.9400,1.153872,0.622,0.001,-0.001
2.9500,1.001539,0.007,0.001,-0.001
2.9600,1.029503,0.126,0.001,-0.001
2.9700,0.974664,-0.111,0.001,-0.001
2.9800,1.126976,0.519,0.001,-0.001
2.9900,1.185033,0.737,0.001,-0.001
3.0000,1.075170,0.315,0.001,-0.001
3.0100,1.043105,0.183,0.001,-0.001
3.0200,1.301651,1.145,0.001,-0.001
3.0300,0.973273,-0.118,0.001,-0.001
3.0400,0.909973,-0.410,0.001,-0.001
3.0500,0.760308,-1.190,0.001,-0.001
3.0600,0.668092,-1.752,0.001,-0.001
3.0700,0.650891,-1.865,0.001,-0.001
3.0800,0.614412,-2.115,0.001,-0.001
3.0900,0.624583,-2.044,0.001,-0.001
3.1000,0.679616,-1.677,0.001,-0.001
3.1100,0.695751,-1.575,0.001,-0.001
3.1200,0.663823,-1.779,0.001,-0.001
3.1300,0.815833,-0.884,0.001,-0.001
3.1400,0.909146,-0.414,0.001,-0.001
3.1500,1.005918,0.026,0.001,-0.001
3.1600,1.054729,0.231,0.001,-0.001
3.1700,1.063885,0.269,0.001,-0.001
3.1800,0.984737,-0.067,0.001,-0.001
3.1900,0.995104,-0.021,0.001,-0.001
3.2000,0.950806,-0.219,0.001,-0.001
3.2100,0.946636,-0.238,0.001,-0.001
3.2200,0.898028,-0.467,0.001,-0.001
3.2300,0.953528,-0.207,0.001,-0.001
3.2400,0.879884,-0.556,0.001,-0.001
3.2500,0.752300,-1.236,0.001,-0.001
3.2600,0.692719,-1.594,0.001,-0.001
3.2700,0.662089,-1.791,0.001,-0.001
3.2800,0.687348,-1.628,0.001,-0.001
3.2900,0.688726,-1.620,0.001,-0.001
3.3000,0.637791,-1.953,0.001,-0.001
3.3100,0.785775,-1.047,0.001,-0.001
3.3200,0.823214,-0.845,0.001,-0.001
3.3300,0.825006,-0.835,0.001,-0.001
3.3400,0.815981,-0.883,0.001,-0.001
3.3500,0.947255,-0.235,0.001,-0.001
3.3600,1.119006,0.488,0.001,-0.001
3.3700,1.033277,0.142,0.001,-0.001
3.3800,1.101097,0.418,0.001,-0.001
3.3900,0.987688,-0.054,0.001,-0.001
3.4000,1.043928,0.187,0.001,-0.001
3.4100,1.032782,0.140,0.001,-0.001
3.4200,1.005609,0.024,0.001,-0.001
3.4300,0.908554,-0.416,0.001,-0.001
3.4400,0.883405,-0.538,0.001,-0.001
3.4500,0.930391,-0.313,0.001,-0.001
3.4600,0.861227,-0.649,0.001,-0.001
3.4700,0.905371,-0.432,0.001,-0.001
3.4800,1.220583,0.866,0.001,-0.001
3.4900,1.106873,0.441,0.001,-0.001
3.5000,1.010634,0.046,0.001,-0.001
3.5100,1.022319,0.096,0.001,-0.001
3.5200,0.993122,-0.030,0.001,-0.001
3.5300,0.879562,-0.557,0.001,-0.001
3.5400,1.105674,0.436,0.001,-0.001
3.5500,0.896176,-0.476,0.001,-0.001
3.5600,0.796396,-0.989,0.001,-0.001
3.5700,0.765444,-1.161,0.001,-0.001
3.5800,0.873645,-0.587,0.001,-0.001
3.5900,0.750833,-1.245,0.001,-0.001
3.6000,0.878639,-0.562,0.001,-0.001
3.6100,0.888298,-0.514,0.001,-0.001
3.6200,1.045804,0.195,0.001,-0.001
3.6300,0.945421,-0.244,0.001,-0.001
3.6400,0.980534,-0.085,0.001,-0.001
3.6500,1.101354,0.419,0.001,-0.001
3.6600,1.189465,0.754,0.001,-0.001
3.6700,1.091372,0.380,0.001,-0.001
3.6800,1.038581,0.164,0.001,-0.001
3.6900,1.010374,0.045,0.001,-0.001
3.7000,1.107672,0.444,0.001,-0.001
3.7100,1.185462,0.739,0.001,-0.001
3.7200,1.378778,1.395,0.001,-0.001
3.7300,1.137434,0.559,0.001,-0.001
3.7400,1.039203,0.167,0.001,-0.001
3.7500,1.062456,0.263,0.001,-0.001
3.7600,1.076840,0.322,0.001,-0.001
3.7700,1.024433,0.105,0.001,-0.001
3.7800,1.206714,0.816,0.001,-0.001
3.7900,0.992140,-0.034,0.001,-0.001
3.8000,0.826676,-0.827,0.001,-0.001
3.8100,0.809228,-0.919,0.001,-0.001
3.8200,0.853682,-0.687,0.001,-0.001
3.8300,0.929136,-0.319,0.001,-0.001
3.8400,0.815116,-0.888,0.001,-0.001
3.8500,0.854276,-0.684,0.001,-0.001
3.8600,0.908064,-0.419,0.001,-0.001
3.8700,0.849919,-0.706,0.001,-0.001
3.8800,0.851121,-0.700,0.001,-0.001
3.8900,1.149365,0.605,0.001,-0.001
3.9000,1.169118,0.679,0.001,-0.001
3.9100,1.118163,0.485,0.001,-0.001
3.9200,1.024537,0.105,0.001,-0.001
3.9300,0.959628,-0.179,0.001,-0.001
3.9400,1.091004,0.378,0.001,-0.001
3.9500,1.233228,0.910,0.001,-0.001
3.9600,1.111986,0.461,0.001,-0.001
3.9700,1.163107,0.656,0.001,-0.001
3.9800,1.291950,1.112,0.001,-0.001
3.9900,1.097279,0.403,0.001,-0.001
4.0000,1.093537,0.388,0.001,-0.001
4.0100,1.105129,0.434,0.001,-0.001
4.0200,1.105965,0.437,0.001,-0.001
4.0300,1.157695,0.636,0.001,-0.001
4.0400,1.115991,0.477,0.001,-0.001
4.0500,1.199549,0.790,0.001,-0.001
4.0600,1.188039,0.748,0.001,-0.001
4.0700,1.204973,0.810,0.001,-0.001
4.0800,1.267738,1.030,0.001,-0.001
4.0900,1.198854,0.788,0.001,-0.001
4.1000,1.134704,0.549,0.001,-0.001
4.1100,1.091364,0.380,0.001,-0.001
4.1200,0.908706,-0.416,0.001,-0.001
4.1300,0.958804,-0.183,0.001,-0.001
4.1400,0.976390,-0.104,0.001,-0.001
4.1500,0.983984,-0.070,0.001,-0.001
4.1600,1.074651,0.313,0.001,-0.001
4.1700,0.947417,-0.235,0.001,-0.001
4.1800,0.957707,-0.188,0.001,-0.001
4.1900,0.948033,-0.232,0.001,-0.001
4.2000,1.067178,0.282,0.001,-0.001
4.2100,0.961316,-0.171,0.001,-0.001
4.2200,1.052261,0.221,0.001,-0.001
4.2300,1.111248,0.458,0.001,-0.001
4.2400,0.983676,-0.071,0.001,-0.001
4.2500,1.000329,0.001,0.001,-0.001
4.2600,1.027338,0.117,0.001,-0.001
4.2700,1.046897,0.199,0.001,-0.001
4.2800,1.030284,0.130,0.000,-0.001
4.2900,0.971972,-0.123,0.000,-0.001
4.3000,1.112880,0.464,0.001,-0.001
4.3100,1.133914,0.546,0.001,-0.001
4.3200,1.116570,0.479,0.000,-0.001
4.3300,1.012515,0.054,0.001,-0.001
4.3400,1.021838,0.094,0.000,-0.001
4.3500,1.003493,0.015,0.001,-0.001
4.3600,1.026859,0.115,0.001,-0.001
4.3700,0.897271,-0.471,0.001,-0.001
4.3800,0.923400,-0.346,0.000,-0.001
4.3900,0.787219,-1.039,0.000,-0.001
4.4000,0.773637,-1.115,0.000,-0.001
4.4100,0.776189,-1.100,0.001,-0.001
4.4200,0.802895,-0.953,0.001,-0.001
4.4300,0.705392,-1.516,0.001,-0.001
4.4400,0.759821,-1.193,0.001,-0.001
4.4500,0.699454,-1.552,0.000,-0.001
4.4600,0.651631,-1.860,0.000,-0.001
4.4700,0.903302,-0.442,0.000,-0.001
4.4800,1.028367,0.121,0.000,-0.001
4.4900,1.019279,0.083,0.001,-0.001
4.5000,1.028836,0.123,0.001,-0.001
4.5100,1.005610,0.024,0.001,-0.001
4.5200,0.991622,-0.037,0.001,-0.001
4.5300,0.958044,-0.186,0.001,-0.001
4.5400,0.837282,-0.771,0.001,-0.001
4.5500,0.854839,-0.681,0.001,-0.001
4.5600,0.890365,-0.504,0.001,-0.001
4.5700,0.891563,-0.498,0.001,-0.001
4.5800,0.882507,-0.543,0.001,-0.001
4.5900,0.850669,-0.702,0.001,-0.001
4.6000,0.933939,-0.297,0.000,-0.001
4.6100,1.046990,0.199,0.001,-0.001
4.6200,0.988406,-0.051,0.000,-0.001
4.6300,1.058054,0.245,0.000,-0.001
4.6400,1.021004,0.090,0.000,-0.001
4.6500,1.212409,0.836,0.000,-0.001
4.6600,1.264414,1.019,0.000,-0.001
4.6700,1.153535,0.620,0.000,-0.001
4.6800,1.308672,1.168,0.000,-0.001
4.6900,1.321461,1.211,0.000,-0.001
4.7000,1.280905,1.075,0.000,-0.001
4.7100,1.115792,0.476,0.000,-0.001
4.7200,1.207642,0.819,0.000,-0.001
4.7300,1.076440,0.320,0.000,-0.001
4.7400,1.009712,0.042,0.000,-0.001
4.7500,1.055174,0.233,0.001,-0.001
4.7600,1.084458,0.352,0.001,-0.001
4.7700,1.141312,0.574,0.001,-0.001
4.7800,0.898262,-0.466,0.001,-0.001
4.7900,0.880588,-0.552,0.000,-0.001
4.8000,0.942979,-0.255,0.000,-0.001
4.8100,0.962747,-0.165,0.000,-0.001
4.8200,0.960916,-0.173,0.001,-0.001
4.8300,0.960584,-0.175,0.001,-0.001
4.8400,1.008750,0.038,0.001,-0.001
4.8500,0.949417,-0.225,0.001,-0.001
4.8600,0.831590,-0.801,0.001,-0.001
4.8700,0.798970,-0.975,0.001,-0.001
4.8800,0.850998,-0.701,0.001,-0.001
4.8900,0.922642,-0.350,0.001,-0.001
4.9000,0.814596,-0.891,0.001,-0.001
4.9100,0.712900,-1.470,0.001,-0.001
4.9200,0.797464,-0.983,0.001,-0.001
4.9300,0.829703,-0.811,0.001,-0.001
4.9400,0.790240,-1.022,0.001,-0.001
4.9500,0.745218,-1.277,0.001,-0.001
4.9600,0.694421,-1.584,0.001,-0.001
4.9700,0.739207,-1.312,0.001,-0.001
4.9800,0.641501,-1.928,0.001,-0.001
4.9900,0.647733,-1.886,0.001,-0.001
5.0000,0.625251,-2.039,0.001,-0.001
5.0100,0.630072,-2.006,0.001,-0.001
5.0200,0.655265,-1.836,0.001,-0.001
5.0300,0.748423,-1.259,0.001,-0.001
5.0400,0.844264,-0.735,0.001,-0.001
5.0500,0.838301,-0.766,0.001,-0.001
5.0600,0.956988,-0.191,0.000,-0.001
5.0700,0.807244,-0.930,0.000,-0.001
5.0800,0.772262,-1.122,0.000,-0.001
5.0900,0.850254,-0.705,0.000,-0.001
5.1000,0.746371,-1.270,0.000,-0.001
5.1100,0.728080,-1.378,0.000,-0.001
5.1200,0.841068,-0.752,0.000,-0.001
5.1300,0.953578,-0.206,0.001,-0.001
5.1400,0.794815,-0.997,0.001,-0.001
5.1500,0.849198,-0.710,0.001,-0.001
5.1600,0.995258,-0.021,0.001,-0.001
5.1700,0.872117,-0.594,0.001,-0.001
5.1800,0.814008,-0.894,0.001,-0.001
5.1900,0.947977,-0.232,0.001,-0.001
5.2000,1.045544,0.193,0.001,-0.001
5.2100,1.050734,0.215,0.001,-0.001
5.2200,1.191466,0.761,0.001,-0.001
5.2300,1.259670,1.003,0.001,-0.001
5.2400,1.449298,1.612,0.001,-0.001
5.2500,1.545352,1.890,0.001,-0.001
5.2600,1.341152,1.275,0.001,-0.001
5.2700,1.296362,1.127,0.001,-0.001
5.2800,1.155631,0.628,0.001,-0.001
5.2900,1.045519,0.193,0.001,-0.001
5.3000,1.168775,0.677,0.001,-0.001
5.3100,0.997062,-0.013,0.001,-0.001
5.3200,0.962384,-0.167,0.001,-0.001
5.3300,0.978662,-0.094,0.001,-0.001
5.3400,0.940761,-0.265,0.001,-0.001
5.3500,0.937373,-0.281,0.001,-0.001
5.3600,1.005628,0.024,0.001,-0.001
5.3700,0.886747,-0.522,0.001,-0.001
5.3800,0.937710,-0.279,0.001,-0.001
5.3900,1.073322,0.307,0.001,-0.001
5.4000,1.051542,0.218,0.001,-0.001
5.4100,1.114957,0.473,0.001,-0.001
5.4200,1.074454,0.312,0.001,-0.001
5.4300,1.046332,0.197,0.001,-0.001
5.4400,1.027244,0.117,0.001,-0.001
5.4500,1.025141,0.108,0.001,-0.001
5.4600,1.078062,0.326,0.001,-0.001
5.4700,1.158351,0.638,0.001,-0.001
5.4800,1.080218,0.335,0.001,-0.001
5.4900,1.013429,0.058,0.001,-0.001
5.5000,1.026523,0.114,0.001,-0.001
5.5100,1.286290,1.093,0.001,-0.001
5.5200,1.256334,0.991,0.001,-0.001
5.5300,1.303961,1.153,0.001,-0.001
5.5400,1.091902,0.382,0.001,-0.001
5.5500,1.056309,0.238,0.001,-0.001
5.5600,1.076162,0.319,0.001,-0.001
5.5700,1.182269,0.727,0.001,-0.001
5.5800,1.104746,0.433,0.001,-0.001
5.5900,1.163642,0.658,0.001,-0.001
5.6000,1.117712,0.483,0.001,-0.001
5.6100,1.129833,0.530,0.001,-0.001
5.6200,0.994056,-0.026,0.001,-0.001
5.6300,1.018503,0.080,0.001,-0.001
5.6400,0.848158,-0.715,0.001,-0.001
5.6500,1.019423,0.084,0.001,-0.001
5.6600,1.063984,0.269,0.001,-0.001
5.6700,1.155551,0.628,0.001,-0.001
5.6800,1.056485,0.239,0.001,-0.001
5.6900,1.053165,0.225,0.001,-0.001
5.7000,1.008476,0.037,0.001,-0.001
5.7100,0.789997,-1.024,0.001,-0.001
5.7200,0.842983,-0.742,0.001,-0.001
5.7300,0.774194,-1.112,0.001,-0.001
5.7400,0.788875,-1.030,0.001,-0.001
5.7500,0.788588,-1.032,0.001,-0.001
5.7600,0.875967,-0.575,0.001,-0.001
5.7700,0.727802,-1.380,0.001,-0.001
5.7800,0.958401,-0.185,0.001,-0.001
5.7900,0.990860,-0.040,0.001,-0.001
5.8000,0.901830,-0.449,0.001,-0.001
5.8100,0.924315,-0.342,0.001,-0.001
5.8200,0.787398,-1.038,0.001,-0.001
5.8300,0.838458,-0.765,0.001,-0.001
5.8400,0.732916,-1.349,0.001,-0.001
5.8500,0.862121,-0.644,0.001,-0.001
5.8600,0.862102,-0.644,0.001,-0.001
5.8700,0.928826,-0.321,0.001,-0.001
5.8800,0.876607,-0.572,0.001,-0.001
5.8900,0.998188,-0.008,0.001,-0.001
5.9000,1.045158,0.192,0.001,-0.001
5.9100,0.990714,-0.041,0.001,-0.001
5.9200,0.822225,-0.850,0.001,-0.001
5.9300,0.762208,-1.179,0.001,-0.001
5.9400,0.743869,-1.285,0.001,-0.001
5.9500,0.757138,-1.208,0.001,-0.001
5.9600,0.969105,-0.136,0.001,-0.001
5.9700,0.961273,-0.172,0.001,-0.001
5.9800,0.824794,-0.837,0.001,-0.001
5.9900,0.653473,-1.848,0.001,-0.001
6.0000,0.758384,-1.201,0.001,-0.001
6.0100,0.750694,-1.245,0.001,-0.001
6.0200,0.786373,-1.044,0.001,-0.001
6.0300,0.774292,-1.111,0.001,-0.001
6.0400,0.877579,-0.567,0.001,-0.001
6.0500,0.900478,-0.455,0.001,-0.001
6.0600,0.980203,-0.087,0.001,-0.001
6.0700,0.995419,-0.020,0.001,-0.001
6.0800,1.037593,0.160,0.001,-0.001
6.0900,0.989829,-0.044,0.001,-0.001
6.1000,0.871344,-0.598,0.001,-0.001
6.1100,0.856549,-0.672,0.001,-0.001
6.1200,0.962840,-0.164,0.001,-0.001
6.1300,0.954531,-0.202,0.001,-0.001
6.1400,1.038329,0.163,0.001,-0.001
6.1500,1.111175,0.458,0.001,-0.001
6.1600,1.031203,0.133,0.001,-0.001
6.1700,0.953471,-0.207,0.001,-0.001
6.1800,0.890746,-0.502,0.001,-0.001
6.1900,0.933054,-0.301,0.001,-0.001
6.2000,0.979987,-0.088,0.001,-0.001
6.2100,1.108256,0.446,0.001,-0.001
6.2200,1.127321,0.520,0.001,-0.001
6.2300,1.246414,0.957,0.001,-0.001
6.2400,1.375849,1.386,0.001,-0.001
6.2500,1.183320,0.731,0.001,-0.001
6.2600,1.011529,0.050,0.001,-0.001
6.2700,0.965741,-0.151,0.001,-0.001
6.2800,1.050189,0.213,0.001,-0.001
6.2900,0.913336,-0.394,0.001,-0.001
6.3000,0.894158,-0.486,0.001,-0.001
6.3100,0.897007,-0.472,0.001,-0.001
6.3200,0.812471,-0.902,0.001,-0.001
6.3300,0.823208,-0.845,0.001,-0.001
6.3400,0.852397,-0.694,0.001,-0.001
6.3500,0.982018,-0.079,0.001,-0.001
6.3600,1.020667,0.089,0.001,-0.001
6.3700,0.955961,-0.196,0.001,-0.001
6.3800,1.036010,0.154,0.001,-0.001
6.3900,0.945612,-0.243,0.001,-0.001
6.4000,0.948253,-0.231,0.001,-0.001
6.4100,0.932296,-0.304,0.001,-0.001
6.4200,1.103997,0.430,0.000,-0.001
6.4300,1.128418,0.525,0.000,-0.001
6.4400,1.137583,0.560,0.000,-0.001
6.4500,1.011999,0.052,0.000,-0.001
6.4600,0.940434,-0.267,0.000,-0.001
6.4700,0.832779,-0.795,0.000,-0.001
6.4800,0.730666,-1.363,0.001,-0.001
6.4900,0.651901,-1.858,0.001,-0.001
6.5000,0.702494,-1.534,0.000,-0.001
6.5100,0.686808,-1.632,0.000,-0.001
6.5200,0.656017,-1.831,0.000,-0.001
6.5300,0.629559,-2.010,0.000,-0.001
6.5400,0.766237,-1.156,0.000,-0.001
6.5500,0.972228,-0.122,0.000,-0.001
6.5600,1.145027,0.588,0.000,-0.001
6.5700,0.933081,-0.301,0.000,-0.001
6.5800,0.908676,-0.416,0.000,-0.001
6.5900,0.845552,-0.729,0.000,-0.001
6.6000,0.840585,-0.754,0.000,-0.001
6.6100,0.770450,-1.133,0.001,-0.001
6.6200,0.715905,-1.451,0.001,-0.001
6.6300,0.797963,-0.980,0.001,-0.001
6.6400,0.827145,-0.824,0.001,-0.001
6.6500,0.814547,-0.891,0.000,-0.001
6.6600,0.847283,-0.720,0.000,-0.001
6.6700,0.883528,-0.538,0.000,-0.001
6.6800,0.799122,-0.974,0.000,-0.001
6.6900,0.798093,-0.979,0.000,-0.001
6.7000,0.897255,-0.471,0.000,-0.001
6.7100,0.947330,-0.235,0.000,-0.001
6.7200,0.905479,-0.431,0.000,-0.001
6.7300,0.866105,-0.624,0.000,-0.001
6.7400,0.855584,-0.677,0.000,-0.001
6.7500,0.806856,-0.932,0.000,-0.001
6.7600,0.665063,-1.771,0.000,-0.001
6.7700,0.688221,-1.623,0.000,-0.001
6.7800,0.569016,-2.449,0.000,-0.001
6.7900,0.605589,-2.178,0.000,-0.001
6.8000,0.606659,-2.171,0.000,-0.001
6.8100,0.728963,-1.373,0.000,-0.001
6.8200,0.774672,-1.109,0.000,-0.001
6.8300,0.722313,-1.413,0.000,-0.001
6.8400,0.837509,-0.770,0.000,-0.001
6.8500,0.695829,-1.575,0.000,-0.001
6.8600,0.753622,-1.228,0.000,-0.001
6.8700,0.820701,-0.858,0.000,-0.001
6.8800,0.814329,-0.892,0.000,-0.001
6.8900,0.828275,-0.818,0.000,-0.001
6.9000,0.809110,-0.920,0.000,-0.001
6.9100,0.767571,-1.149,0.000,-0.001
6.9200,0.852663,-0.692,0.000,-0.001
6.9300,0.940482,-0.266,0.000,-0.001
6.9400,0.841944,-0.747,0.000,-0.001
6.9500,0.917820,-0.372,0.000,-0.001
6.9600,0.936774,-0.284,0.000,-0.001
6.9700,1.017939,0.077,0.000,-0.001
6.9800,1.067435,0.283,0.000,-0.001
6.9900,1.100083,0.414,0.000,-0.001
7.0000,0.935528,-0.289,0.000,-0.001
7.0100,0.957289,-0.190,0.000,-0.001
7.0200,1.114421,0.470,0.000,-0.001
7.0300,1.177176,0.708,0.000,-0.001
7.0400,1.104551,0.432,0.000,-0.001
7.0500,1.123990,0.508,0.000,-0.001
7.0600,1.089630,0.373,0.000,-0.001
7.0700,1.057354,0.242,0.000,-0.001
7.0800,1.062288,0.262,0.000,-0.001
7.0900,1.211774,0.834,0.000,-0.001
7.1000,1.120804,0.495,0.000,-0.001
7.1100,1.104669,0.432,0.000,-0.001
7.1200,1.020184,0.087,0.000,-0.001
7.1300,0.960741,-0.174,0.000,-0.001
7.1400,0.848147,-0.715,0.000,-0.001
7.1500,0.810066,-0.915,0.000,-0.001
7.1600,0.717900,-1.439,0.000,-0.001
7.1700,0.663123,-1.784,0.000,-0.001
7.1800,0.717592,-1.441,0.000,-0.001
7.1900,0.760850,-1.187,0.000,-0.001
7.2000,0.706880,-1.507,0.000,-0.001
7.2100,0.703235,-1.529,0.000,-0.001
7.2200,0.711311,-1.479,0.000,-0.001
7.2300,0.725081,-1.396,0.000,-0.001
7.2400,0.734596,-1.340,0.000,-0.001
7.2500,0.746485,-1.270,0.000,-0.001
7.2600,0.693543,-1.589,0.000,-0.001
7.2700,0.807340,-0.929,0.000,-0.001
7.2800,0.797656,-0.982,0.000,-0.001
7.2900,1.087145,0.363,0.000,-0.001
7.3000,0.889282,-0.510,0.000,-0.001
7.3100,0.844295,-0.735,0.000,-0.001
7.3200,0.979661,-0.089,0.000,-0.001
7.3300,0.957844,-0.187,0.000,-0.001
7.3400,0.796780,-0.987,0.000,-0.001
7.3500,0.826659,-0.827,0.000,-0.001
7.3600,0.770650,-1.131,0.000,-0.001
7.3700,0.866935,-0.620,0.000,-0.001
7.3800,0.829766,-0.810,0.000,-0.001
7.3900,0.796495,-0.988,0.000,-0.001
7.4000,0.841812,-0.748,0.000,-0.001
7.4100,0.771490,-1.127,0.000,-0.001
7.4200,1.024185,0.104,0.000,-0.001
7.4300,1.097466,0.404,0.000,-0.001
7.4400,1.208062,0.821,0.000,-0.001
7.4500,1.159670,0.643,0.000,-0.001
7.4600,1.289932,1.106,0.000,-0.001
7.4700,1.397490,1.453,0.000,-0.001
7.4800,1.250904,0.972,0.000,-0.001
7.4900,1.227776,0.891,0.001,-0.001
7.5000,1.177231,0.709,0.000,-0.001
7.5100,1.130997,0.535,0.000,-0.001
7.5200,1.115616,0.475,0.000,-0.001
7.5300,0.957604,-0.188,0.000,-0.001
7.5400,0.933484,-0.299,0.001,-0.001
7.5500,0.968615,-0.138,0.001,-0.001
7.5600,0.973381,-0.117,0.000,-0.001
7.5700,0.967841,-0.142,0.000,-0.001
7.5800,0.861079,-0.650,0.000,-0.001
7.5900,0.862090,-0.644,0.000,-0.001
7.6000,0.831135,-0.803,0.000,-0.001
7.6100,0.964482,-0.157,0.000,-0.001
7.6200,0.904374,-0.437,0.000,-0.001
7.6300,0.805193,-0.941,0.000,-0.001
7.6400,0.785057,-1.051,0.000,-0.001
7.6500,0.751520,-1.241,0.000,-0.001
7.6600,0.749784,-1.251,0.000,-0.001
7.6700,0.895236,-0.481,0.000,-0.001
7.6800,0.781454,-1.071,0.000,-0.001
7.6900,0.833310,-0.792,0.000,-0.001
7.7000,0.818043,-0.872,0.000,-0.001
7.7100,0.881177,-0.549,0.000,-0.001
7.7200,0.979304,-0.091,0.000,-0.001
7.7300,0.983038,-0.074,0.000,-0.001
7.7400,0.857702,-0.667,0.000,-0.001
7.7500,0.776693,-1.098,0.000,-0.001
7.7600,0.787012,-1.040,0.000,-0.001
7.7700,0.837917,-0.768,0.000,-0.001
7.7800,0.902887,-0.444,0.000,-0.001
7.7900,1.008320,0.036,0.000,-0.001
7.8000,1.011146,0.048,0.000,-0.001
7.8100,0.951098,-0.218,0.000,-0.001
7.8200,1.018197,0.078,0.000,-0.001
7.8300,1.025851,0.111,0.000,-0.001
7.8400,1.169250,0.679,0.000,-0.001
7.8500,1.089180,0.371,0.000,-0.001
7.8600,1.083533,0.348,0.000,-0.001
7.8700,1.030130,0.129,0.000,-0.001
7.8800,1.003795,0.016,0.000,-0.001
7.8900,1.000688,0.003,0.000,-0.001
7.9000,1.062089,0.262,0.000,-0.001
7.9100,1.036861,0.157,0.000,-0.001
7.9200,0.994188,-0.025,0.000,-0.001
7.9300,1.098342,0.407,0.000,-0.001
7.9400,1.077311,0.323,0.000,-0.001
7.9500,1.118923,0.488,0.000,-0.001
7.9600,1.129533,0.529,0.000,-0.001
7.9700,1.072036,0.302,0.000,-0.001
7.9800,0.965825,-0.151,0.000,-0.001
7.9900,1.035030,0.150,0.000,-0.001
8.0000,0.899905,-0.458,0.000,-0.001
8.0100,1.110366,0.455,0.000,-0.001
8.0200,1.117213,0.481,0.000,-0.001
8.0300,1.101419,0.420,0.000,-0.001
8.0400,1.250968,0.972,0.000,-0.001
8.0500,1.435132,1.569,0.000,-0.001
8.0600,1.243192,0.945,0.000,-0.001
8.0700,1.420163,1.523,0.000,-0.001
8.0800,1.246374,0.956,0.000,-0.001
8.0900,1.197082,0.781,0.000,-0.001
8.1000,1.064881,0.273,0.000,-0.001
8.1100,1.096687,0.401,0.000,-0.001
8.1200,0.825459,-0.833,0.000,-0.001
8.1300,0.792122,-1.012,0.000,-0.001
8.1400,0.888222,-0.515,0.000,-0.001
8.1500,1.032533,0.139,0.000,-0.001
8.1600,1.073558,0.308,0.000,-0.001
8.1700,1.025832,0.111,0.000,-0.001
8.1800,1.036025,0.154,0.000,-0.001
8.1900,0.851720,-0.697,0.000,-0.001
8.2000,0.998369,-0.007,0.000,-0.001
8.2100,1.005690,0.025,0.000,-0.001
8.2200,0.893349,-0.490,0.000,-0.001
8.2300,0.841183,-0.751,0.000,-0.001
8.2400,0.951028,-0.218,0.000,-0.001
8.2500,1.104109,0.430,0.000,-0.001
8.2600,1.041281,0.176,0.000,-0.001
8.2700,1.107339,0.443,0.000,-0.001
8.2800,1.019652,0.085,0.000,-0.001
8.2900,1.103201,0.427,0.000,-0.001
8.3000,1.102580,0.424,0.000,-0.001
8.3100,0.815739,-0.884,0.000,-0.001
8.3200,0.796506,-0.988,0.000,-0.001
8.3300,0.812863,-0.900,0.000,-0.001
8.3400,0.819698,-0.863,0.000,-0.001
8.3500,0.825229,-0.834,0.000,-0.001
8.3600,1.009664,0.042,0.000,-0.001
8.3700,0.887292,-0.519,0.000,-0.001
8.3800,0.736177,-1.330,0.000,-0.001
8.3900,0.637273,-1.957,0.000,-0.001
8.4000,0.641228,-1.930,0.000,-0.001
8.4100,0.676720,-1.696,0.000,-0.001
8.4200,0.804503,-0.945,0.000,-0.001
8.4300,0.647285,-1.889,0.000,-0.001
8.4400,0.691068,-1.605,0.000,-0.001
8.4500,0.856578,-0.672,0.000,-0.001
8.4600,0.956304,-0.194,0.000,-0.001
8.4700,0.849165,-0.710,-0.000,-0.001
8.4800,0.804587,-0.944,-0.000,-0.001
8.4900,0.671221,-1.731,-0.000,-0.001
8.5000,0.780226,-1.078,-0.000,-0.001
8.5100,0.714796,-1.458,-0.000,-0.002
8.5200,0.743021,-1.290,-0.000,-0.002
8.5300,0.840216,-0.756,-0.000,-0.002
8.5400,0.787765,-1.036,-0.000,-0.002
8.5500,0.786994,-1.040,-0.000,-0.002
8.5600,0.952149,-0.213,0.000,-0.002
8.5700,1.006038,0.026,0.000,-0.002
8.5800,0.956847,-0.192,0.000,-0.002
8.5900,0.924369,-0.342,0.000,-0.002
8.6000,0.898204,-0.466,0.000,-0.002
8.6100,1.008037,0.035,0.000,-0.002
8.6200,1.072079,0.302,-0.000,-0.002
8.6300,1.088688,0.369,-0.000,-0.002
8.6400,0.981703,-0.080,-0.000,-0.002
8.6500,0.869500,-0.607,-0.000,-0.001
8.6600,0.894689,-0.483,-0.000,-0.002
8.6700,0.944993,-0.246,-0.000,-0.002
8.6800,0.816285,-0.882,-0.000,-0.002
8.6900,0.911804,-0.401,-0.000,-0.002
8.7000,0.858093,-0.665,-0.000,-0.002
8.7100,0.846743,-0.722,-0.000,-0.002
8.7200,0.962416,-0.166,-0.000,-0.002
8.7300,1.050133,0.212,-0.000,-0.002
8.7400,1.041901,0.178,-0.000,-0.002
8.7500,0.929156,-0.319,-0.000,-0.002
8.7600,0.937338,-0.281,-0.000,-0.002
8.7700,0.873610,-0.587,-0.000,-0.002
8.7800,0.743521,-1.287,-0.000,-0.002
8.7900,0.766573,-1.154,-0.000,-0.002
8.8000,0.792472,-1.010,-0.000,-0.002
8.8100,0.878816,-0.561,-0.000,-0.001
8.8200,1.050518,0.214,-0.000,-0.002
8.8300,0.959045,-0.182,-0.000,-0.001
8.8400,1.026183,0.112,-0.000,-0.001
8.8500,1.058905,0.249,-0.000,-0.001
8.8600,1.135909,0.553,-0.000,-0.001
8.8700,1.173258,0.694,-0.000,-0.001
8.8800,1.116244,0.478,-0.000,-0.001
8.8900,0.972715,-0.120,-0.000,-0.001
8.9000,1.010768,0.047,0.000,-0.001
8.9100,0.958176,-0.186,-0.000,-0.001
8.9200,1.197511,0.783,-0.000,-0.001
8.9300,0.961546,-0.170,-0.000,-0.001
8.9400,0.994994,-0.022,-0.000,-0.001
8.9500,0.996427,-0.016,-0.000,-0.001
8.9600,0.951246,-0.217,-0.000,-0.001
8.9700,0.875184,-0.579,-0.000,-0.001
8.9800,0.918888,-0.367,-0.000,-0.001
8.9900,0.841923,-0.747,0.000,-0.002
9.0000,0.865092,-0.629,-0.000,-0.001
9.0100,0.947052,-0.236,-0.000,-0.001
9.0200,0.911159,-0.404,-0.000,-0.001
9.0300,0.977228,-0.100,-0.000,-0.001
9.0400,1.001533,0.007,-0.000,-0.001
9.0500,1.097380,0.404,-0.000,-0.001
9.0600,1.121889,0.499,-0.000,-0.001
9.0700,1.127495,0.521,-0.000,-0.002
9.0800,1.227806,0.891,-0.000,-0.002
9.0900,1.205998,0.813,-0.000,-0.002
9.1000,1.127190,0.520,-0.000,-0.002
9.1100,1.051515,0.218,-0.000,-0.002
9.1200,1.078238,0.327,-0.000,-0.002
9.1300,0.978110,-0.096,-0.000,-0.002
9.1400,0.951796,-0.215,-0.000,-0.002
9.1500,1.098317,0.407,-0.000,-0.002
9.1600,1.002418,0.010,-0.000,-0.002
9.1700,0.887050,-0.521,-0.000,-0.002
9.1800,0.928550,-0.322,-0.000,-0.002
9.1900,0.910334,-0.408,-0.000,-0.002
9.2000,0.813493,-0.896,-0.000,-0.002
9.2100,0.724448,-1.400,-0.000,-0.002
9.2200,0.873524,-0.587,-0.000,-0.002
9.2300,0.893163,-0.491,-0.000,-0.002
9.2400,1.083318,0.348,-0.000,-0.002
9.2500,1.196749,0.780,-0.000,-0.002
9.2600,1.074942,0.314,-0.000,-0.002
9.2700,0.907513,-0.421,-0.000,-0.002
9.2800,1.048145,0.204,0.000,-0.002
9.2900,1.123014,0.504,0.000,-0.002
9.3000,1.207550,0.819,0.000,-0.002
9.3100,0.997112,-0.013,0.000,-0.002
9.3200,0.994289,-0.025,0.000,-0.002
9.3300,1.162517,0.654,0.000,-0.002
9.3400,1.072375,0.303,0.000,-0.002
9.3500,0.950300,-0.221,0.000,-0.002
9.3600,0.882296,-0.544,0.000,-0.002
9.3700,1.037367,0.159,0.000,-0.002
9.3800,1.015317,0.066,0.000,-0.002
9.3900,0.873657,-0.587,0.000,-0.002
9.4000,1.078860,0.330,0.000,-0.002
9.4100,1.034116,0.146,0.000,-0.002
9.4200,0.843536,-0.739,0.000,-0.002
9.4300,1.016507,0.071,0.000,-0.002
9.4400,1.035882,0.153,0.000,-0.002
9.4500,1.178565,0.714,0.000,-0.002
9.4600,1.271273,1.042,0.000,-0.002
9.4700,0.974357,-0.113,0.000,-0.002
9.4800,1.057738,0.244,0.000,-0.002
9.4900,1.318733,1.202,0.000,-0.002
9.5000,1.069914,0.293,0.000,-0.002
9.5100,0.932611,-0.303,0.000,-0.002
9.5200,0.887615,-0.518,0.000,-0.002
9.5300,0.799311,-0.973,0.000,-0.002
9.5400,0.674774,-1.708,0.000,-0.002
9.5500,0.842166,-0.746,0.000,-0.002
9.5600,0.786450,-1.043,0.000,-0.002
9.5700,0.847179,-0.720,0.000,-0.002
9.5800,0.953744,-0.206,0.000,-0.002
9.5900,0.968932,-0.137,0.000,-0.002
9.6000,1.044693,0.190,0.000,-0.002
9.6100,1.059631,0.252,0.000,-0.002
9.6200,1.092126,0.383,0.000,-0.002
9.6300,1.131648,0.537,0.000,-0.002
9.6400,1.060920,0.257,0.000,-0.002
9.6500,1.155755,0.629,0.000,-0.002
9.6600,1.107359,0.443,0.000,-0.002
9.6700,0.878850,-0.561,0.000,-0.002
9.6800,1.072979,0.306,0.000,-0.002
9.6900,0.954036,-0.204,0.000,-0.002
9.7000,1.004217,0.018,0.000,-0.002
9.7100,1.112730,0.464,0.000,-0.002
9.7200,1.280976,1.075,0.000,-0.002
9.7300,1.223222,0.875,0.000,-0.002
9.7400,1.243666,0.947,0.000,-0.002
9.7500,1.127207,0.520,0.000,-0.002
9.7600,1.155907,0.629,0.000,-0.002
9.7700,0.935698,-0.289,0.000,-0.002
9.7800,0.894146,-0.486,0.000,-0.002
9.7900,0.925654,-0.336,0.000,-0.002
9.8000,0.748606,-1.257,0.000,-0.002
9.8100,0.891178,-0.500,0.000,-0.002
9.8200,0.993355,-0.029,0.000,-0.002
9.8300,1.005773,0.025,0.000,-0.002
9.8400,1.039283,0.167,0.000,-0.002
9.8500,1.271572,1.043,0.000,-0.002
9.8600,1.189266,0.753,0.000,-0.002
9.8700,1.181400,0.724,0.000,-0.002
9.8800,1.302288,1.147,0.000,-0.002
9.8900,1.432349,1.560,0.000,-0.002
9.9000,1.206792,0.816,0.000,-0.002
9.9100,1.001994,0.009,0.000,-0.002
9.9200,1.093799,0.389,0.000,-0.002
9.9300,1.080138,0.335,0.000,-0.002
9.9400,1.059180,0.250,0.000,-0.002
9.9500,1.235992,0.920,0.000,-0.002
9.9600,1.096584,0.400,0.000,-0.002
9.9700,0.953942,-0.205,0.000,-0.002
9.9800,0.776964,-1.096,0.000,-0.002
9.9900,0.918965,-0.367,0.000,-0.002
